"KC_FCC","n","AveRoadLength","TotalRoadMiles","AveADT","AveMediumVehicles","AveHeavyVehicles","PctConveyed","PctOverwater","RdSkirtPctImp"
"Local",69910,0.0870501338377449,6085.67485659675,434.91446299549,9.43446530120064,2.14679199673387,78.9089618126206,0.0209819736610724,33.5382901873838
"Collector",7269,0.104683835750024,760.946802066922,3559.99513768317,87.1563592646974,15.1805930006384,89.2442597362626,0.0410767810258604,31.3829651946623
"Minor",5780,0.106324847158301,614.557616574981,8038.61231077192,224.435681976348,45.2722373309966,90.2855161150677,0.0529786747227347,40.1270539792388
"Primary",4925,0.13151197769868,647.696490166,16528.2958198079,565.540064667849,131.16446912301,74.3091618943392,0.153253652927476,44.6907937055838
"Freeway",1425,0.433850025196832,618.236285905486,19103.0388704242,1079.00508496811,774.679774480701,47.7889401980995,0.827002989310294,14.8905424561404
