"KC_FCC","n","AveRoadLength","TotalRoadMiles","AveADT","AveMediumVehicles","AveHeavyVehicles","SegmentsWithSWData","PctConveyed","PctConveyed_Half","SegmentsWithAggrSWData","Aggr_PctConveyed","Aggr_PctConveyed_Half","PctOverwater","RdSkirtPctImp"
"Local",69910,0.0870501338377449,6085.67485659675,434.91446299549,9.43446530120064,2.14679199673387,29491,78.6476200308003,63.2050093847255,69584,76.5417978355461,58.2505878885262,0.0209819736610724,33.5382901873838
"Collector",7269,0.104683835750024,760.946802066922,3559.99513768317,87.1563592646974,15.1805930006384,3042,89.8412802484053,77.446944279293,7218,89.2737461238913,73.296639729192,0.0410767810258604,31.3829651946623
"Minor",5780,0.106324847158301,614.557616574981,8038.61231077192,224.435681976348,45.2722373309966,3002,92.3090924575153,80.8476396385295,5778,90.3501638213191,76.0995987063517,0.0529786747227347,40.1270539792388
"Primary",4925,0.13151197769868,647.696490166,16528.2958198079,565.540064667849,131.16446912301,2996,86.4737953262871,75.0154828675254,4914,87.7893760566978,74.6108951962281,0.153253652927476,44.6907937055838
"Freeway",1425,0.433850025196832,618.236285905486,19103.0388704242,1079.00508496811,774.679774480701,1115,60.2183506532106,41.4377364678325,1424,55.8842015716556,37.9489660539196,0.827002989310294,14.8905424561404
