"KC_FCC","n","AveRoadLength","TotalRoadMiles","AveADT","AveMediumVehicles","AveHeavyVehicles","PctConveyed","RdSkirtPctImp"
"Local",12324,0.139885424408463,1723.9479704099,185.548942804265,3.21709293776708,1.00562226606889,61.0474519684338,19.1017950055465
"Collector",1141,0.188510009827884,215.089921213616,4250.85033716373,119.8056810284,44.2466362873982,80.6941975938548,12.2652164812401
"Minor",1038,0.185110231316923,192.144420106966,16487.3096274149,781.734994137536,378.939114746463,48.1632418352614,26.7256616387309
"Primary",838,0.246598591409391,206.649619601069,16631.5656603222,601.974468302267,240.561852543198,65.4822574867554,18.2836429404561
"Freeway",1425,0.433850025196832,618.236285905486,47228.4122328646,3233.05076210975,2421.05533880484,38.8692219663733,14.2724202876423
