"KC_FCC","n","AveRoadLength","TotalRoadMiles","AveADT","VehicleRoadMiles","AveMediumVehicles","HeavyMediumRoadMiles","AveHeavyVehicles","HeavyVehicleRoadMiles","RoadMilesConvey","PctConveyed","nConvey","PctConvey_Count","RdSkirtPctImp"
"Local",22407,0.111823574581114,2505.63083563903,302.822965605809,612725.348567691,6.01915815137824,12851.4257200548,1.59816984784209,5638.30455152892,138.657716900596,0.0553384460824746,NA,NA,26.8923952385045
"Collector",2178,0.143161856811624,311.806524135718,5224.61549374902,1604003.02523458,145.212232960173,47921.4463701511,39.3448752533293,15907.1892347811,34.4276597856389,0.110413532497652,NA,NA,23.1592161646072
"Minor",1671,0.151215986653137,252.681913697392,14078.9230803581,3409944.62911097,600.64512641422,148942.133796314,254.067299453897,73042.9454506052,52.4895218432173,0.207729635553093,NA,NA,32.6630796852055
"Primary",1540,0.181805069219657,279.979806598271,19170.0646609242,5123538.70849316,698.125050330108,190037.847510735,243.75485749961,78551.6290452601,91.9293861578658,0.3283429161367,NA,NA,31.2076648888896
"Freeway",1425,0.433850025196832,618.236285905486,47228.4122328646,30286444.420071,3233.05076210975,2067942.51548806,2421.05533880484,1769265.10723193,441.15020914277,0.713562466649218,NA,NA,14.2724202876423
